DATE,PM2.5,PM10,NO2,SO2,CO,AQI
2024-01-01,71.18,288.33,24.09,21.92,0.74,244
2024-01-02,76.61,290.95,26.95,22.19,0.64,259
2024-01-03,81.94,308.65,26.41,22.01,1.03,246
2024-01-04,86.58,349.36,21.61,22.18,1.02,324
2024-01-05,64.61,267.06,19.8,22.36,0.85,246
2024-01-06,78.21,319.32,20.7,22.47,0.8,220
2024-01-07,80.76,334.34,27.08,22.9,-9.99,308
2024-01-08,95.24,373.77,24.92,22.87,0.85,314
2024-01-09,52.82,212.74,20.55,22.8,0.69,254
2024-01-10,73.62,286.79,22.23,22.86,0.7,168
2024-01-11,99.72,356.85,29.89,21.9,1.0,314
2024-01-12,367.54054293915215,304.72,28.91,20.95,1.02,264
2024-01-13,127.48,492.05,36.16,21.31,1.58,348
2024-01-14,106.07,327.54,35.14,21.46,1.66,345
2024-01-15,70.53,271.14,30.99,21.32,1.1,222
2024-01-16,125.14,451.87,48.65,21.62,1.78,331
2024-01-17,95.9,388.59,47.21,21.76,1.36,360
2024-01-18,95.82,374.84,42.41,22.18,1.19,313
2024-01-19,118.7,342.32,44.35,22.69,1.28,295
2024-01-20,79.2,324.13,40.61,22.07,0.88,276
2024-01-21,72.57,257.14,30.47,21.56,0.96,271
2024-01-22,108.32,372.63,40.42,21.67,0.92,240
2024-01-23,115.04,429.22,45.74,22.03,1.23,378
2024-01-24,105.87,405.6,39.12,22.06,1.16,383
2024-01-25,80.42,278.84,31.23,21.27,1.0,242
2024-01-26,108.52,404.79,40.1,20.68,1.41,352
2024-01-27,72.18,299.85,35.5,20.61,0.81,267
2024-01-28,128.46,468.87,54.04,21.03,1.5,343
2024-01-29,122.47,471.32,46.09,21.21,1.26,383
2024-01-30,77.87,287.31,28.29,20.94,1.16,295
2024-01-31,95.45,328.24,36.78,21.63,1.63,277
2024-02-01,31.84,108.25,31.22,21.48,0.71,145
2024-02-02,44.56,160.64,19.75,21.54,-9.99,131
2024-02-03,52.97,218.9,29.51,21.47,0.76,152
2024-02-04,54.29,199.46,29.1,21.64,0.92,209
2024-02-05,37.31,142.31,22.29,21.72,0.49,136
2024-02-06,33.73,142.23,24.61,21.58,0.43,112
2024-02-07,42.73,176.83,27.71,21.51,0.45,166
2024-02-08,42.68,168.67,27.05,21.7,0.46,172
2024-02-09,45.43,178.41,33.32,21.86,0.52,155
2024-02-10,102.56,324.04,43.5,22.07,0.91,253
2024-02-11,57.57,273.84,36.16,22.03,0.63,247
2024-02-12,78.2,300.65,41.68,22.57,0.74,228
2024-02-13,105.22,417.5,33.9,23.06,1.11,336
2024-02-14,98.06,369.58,38.95,22.97,1.02,0
2024-02-15,73.63,296.8,40.37,23.15,0.77,234
2024-02-16,64.35,264.88,41.3,23.26,0.71,245
2024-02-17,65.88,265.95,42.98,23.5,0.7,220
2024-02-18,80.42,323.0,58.36,24.17,1.66,287
2024-02-19,60.72,284.13,52.67,23.83,0.66,241
2024-02-20,152.51,267.95,44.29,24.34,0.76,219
2024-02-21,51.62,195.52,29.07,24.21,0.62,200
2024-02-22,41.13,158.72,31.17,24.65,0.44,146
2024-02-23,41.39,170.18,34.98,25.07,0.4,137
2024-02-24,54.35,217.67,39.03,25.35,-9.99,175
2024-02-25,51.36,193.05,42.12,25.6,0.52,178
2024-02-26,53.72,208.96,43.78,25.87,0.5,161
2024-02-27,37.0,135.02,39.12,25.75,0.45,150
2024-02-28,37.13,148.66,35.62,25.76,0.45,144
2024-02-29,43.28,167.64,38.41,26.58,0.49,138
2024-03-01,63.57,236.03,53.2,26.69,0.81,192
2024-03-02,20.62,88.07,36.47,26.26,0.42,111
2024-03-03,42.75,177.31,26.01,26.18,0.34,126
2024-03-04,46.01,134.41,27.51,22.96,0.42,140
2024-03-05,32.29,124.45,25.61,21.0,0.48,119
2024-03-06,35.44,144.44,26.61,21.0,0.56,121
2024-03-07,39.2,161.43,30.67,21.29,0.63,143
2024-03-08,42.02,164.19,30.47,21.52,0.59,149
2024-03-09,38.21,137.57,26.92,21.49,0.52,124
2024-03-10,66.15,181.71,30.22,21.63,0.66,143
2024-03-11,76.01,211.71,34.02,21.78,0.82,175
2024-03-12,72.79,187.56,28.53,21.92,0.7,170
2024-03-13,76.89,213.65,29.48,21.97,0.78,173
2024-03-14,72.07,192.86,28.96,22.29,0.73,170
2024-03-15,53.91,154.0,23.63,22.09,0.49,133
2024-03-16,65.62,172.51,27.06,22.29,0.58,158
2024-03-17,296.43256440425034,218.49,27.77,22.2,0.69,179
2024-03-18,88.8,246.58,28.33,22.4,-9.99,217
2024-03-19,136.11,304.75,32.55,22.65,0.95,0
2024-03-20,108.1,268.26,32.93,22.81,0.85,242
2024-03-21,82.11,197.74,34.31,22.78,0.8,170
2024-03-22,81.8,193.7,33.85,22.84,0.87,147
2024-03-23,94.37,232.26,27.84,22.86,0.85,233
2024-03-24,93.02,237.57,23.32,22.93,0.68,207
2024-03-25,83.81,185.35,19.26,23.15,0.74,193
2024-03-26,68.2,149.41,20.65,23.19,0.61,108
2024-03-27,74.56,170.6,20.34,23.61,0.81,175
2024-03-28,70.45,157.24,19.36,23.82,0.59,138
2024-03-29,98.41,227.94,10.69,25.27,0.96,189
2024-03-30,82.81,195.04,10.36,26.25,1.05,176
2024-03-31,81.63,198.64,7.14,26.14,0.93,222
2024-04-01,188.76771815726298,135.4,6.66,25.97,0.6,120
2024-04-02,74.54,181.94,9.52,25.85,0.65,145
2024-04-03,97.29,229.66,14.65,26.29,0.87,146
2024-04-04,67.26,174.75,12.76,26.34,0.68,159
2024-04-05,66.6,172.58,11.18,26.87,0.63,161
2024-04-06,76.92,199.97,12.01,26.39,0.65,167
2024-04-07,129.98,358.42,16.13,26.96,1.28,0
2024-04-08,79.64,248.75,11.45,26.27,0.56,212
2024-04-09,80.33,209.65,17.74,26.89,0.9,203
2024-04-10,125.24,347.63,17.27,28.4,1.26,242
2024-04-11,111.56,299.64,11.89,28.13,1.4,269
2024-04-12,117.36,307.13,14.29,29.8,1.23,230
2024-04-13,71.35,202.41,12.02,27.64,1.0,195
2024-04-14,47.93,121.73,9.4,27.72,0.67,130
2024-04-15,91.4,208.54,9.69,28.3,0.95,240
2024-04-16,423.6486289761672,330.39,10.23,28.46,1.17,268
2024-04-17,776.3407571254334,724.37,7.82,28.44,0.49,367
2024-04-18,69.16,179.04,8.01,28.7,0.57,178
2024-04-19,90.05,243.93,8.54,28.76,0.77,177
2024-04-20,74.17,194.12,5.48,28.71,0.56,194
2024-04-21,51.68,136.82,4.82,28.32,0.49,131
2024-04-22,41.15,113.59,4.74,28.1,0.51,106
2024-04-23,93.78,263.09,7.07,29.37,0.73,233
2024-04-24,106.91,194.36,7.55,28.96,0.9,214
2024-04-25,88.55,248.08,6.56,31.63,0.79,204
2024-04-26,73.65,194.4,8.13,29.53,0.8,223
2024-04-27,82.34,230.87,6.06,28.99,0.64,173
2024-04-28,64.9,167.4,5.1,29.41,-9.99,222
2024-04-29,94.34,244.66,6.1,30.67,0.71,218
2024-04-30,75.9,204.31,5.12,30.0,0.63,178
2024-05-01,77.86,226.19,5.08,30.0,0.57,191
2024-05-02,94.57,239.55,20.93,30.73,0.72,191
2024-05-03,127.5,448.43,27.06,33.22,0.95,301
2024-05-04,122.0,356.84,36.93,35.75,1.28,281
2024-05-05,153.83,427.0,35.82,39.64,1.7,294
2024-05-06,121.52,293.6,29.25,33.11,1.0,248
2024-05-07,157.49,369.89,29.94,33.33,1.42,310
2024-05-08,103.65,249.75,21.28,29.76,1.0,248
2024-05-09,86.88,180.25,14.5,29.87,0.82,180
2024-05-10,115.57,213.91,13.6,32.73,0.82,210
2024-05-11,118.86,313.12,7.46,28.01,0.34,300
2024-05-12,95.0,191.29,7.78,29.78,0.57,174
2024-05-13,326.9548629661185,245.56,10.94,30.48,0.67,254
2024-05-14,134.94,314.93,18.2,31.12,0.75,258
2024-05-15,156.45,321.92,26.59,35.44,1.2,298
2024-05-16,126.34,280.51,27.22,31.57,1.16,259
2024-05-17,108.1,243.44,26.87,30.01,0.93,249
2024-05-18,133.35,284.89,33.85,33.22,0.7,291
2024-05-19,114.26,256.32,31.49,32.97,0.56,244
2024-05-20,432.1636456979818,366.53,30.4,33.13,0.54,279
2024-05-21,125.18,288.44,31.5,31.01,1.18,275
2024-05-22,95.22,201.08,34.0,30.52,3.81,227
2024-05-23,75.15,154.37,31.13,30.25,1.08,158
2024-05-24,75.25,148.72,30.11,30.53,0.57,138
2024-05-25,84.83,178.63,30.42,31.13,0.58,197
2024-05-26,91.93,198.16,29.25,34.03,0.54,184
2024-05-27,120.85,244.94,28.39,33.09,-9.99,251
2024-05-28,127.62,282.7,27.45,33.88,-9.99,265
2024-05-29,103.57,231.0,28.57,31.59,0.66,229
2024-05-30,81.19,244.07,31.15,30.6,0.61,150
2024-05-31,97.29,322.16,31.3,34.41,0.67,256
2024-06-01,138.23,384.78,30.11,34.62,0.56,273
2024-06-02,59.75,180.47,28.53,33.23,0.74,180
2024-06-03,72.46,176.55,28.08,34.13,0.82,162
2024-06-04,100.2,321.78,29.47,33.24,1.09,214
2024-06-05,174.68,385.98,26.75,33.55,0.84,287
2024-06-06,95.89,192.09,28.02,32.8,0.76,210
2024-06-07,79.87,283.4,27.39,33.96,0.72,214
2024-06-08,63.06,240.76,27.02,35.63,0.77,232
2024-06-09,60.8,163.39,27.16,36.19,0.78,146
2024-06-10,59.48,154.34,40.46,36.31,0.8,127
2024-06-11,116.26,488.18,86.85,43.89,1.03,290
2024-06-12,84.83,242.7,86.53,40.23,1.02,207
2024-06-13,88.39,227.61,78.79,37.29,0.8,181
2024-06-14,119.33,292.07,20.66,34.18,0.67,191
2024-06-15,75.45,209.51,20.72,34.55,-9.99,225
2024-06-16,78.72,214.94,20.82,36.78,0.83,186
2024-06-17,249.6133802629012,190.0,20.71,38.74,0.84,163
2024-06-18,119.43,341.42,20.47,37.67,0.83,201
2024-06-19,136.96,376.58,40.48,35.17,0.76,353
2024-06-20,54.47,126.55,51.43,33.14,0.82,173
2024-06-21,75.64,182.23,52.63,33.03,1.11,163
2024-06-22,84.39,172.96,54.91,32.99,1.33,169
2024-06-23,76.36,145.92,54.21,33.04,1.23,155
2024-06-24,62.69,127.83,52.71,33.27,1.18,116
2024-06-25,83.78,149.67,52.5,33.84,-9.99,158
2024-06-26,60.63,111.43,52.0,34.95,1.13,146
2024-06-27,164.47744155994266,68.22,49.09,34.34,0.89,75
2024-06-28,203.38,305.14,55.51,36.08,1.12,192
2024-06-29,1000.0,391.0,52.22,35.74,1.23,192
2024-06-30,58.0,149.27,49.06,35.04,1.0,186
