Date,temp,humidity,precip,windspeed,heat_index,conditions
2024-01-01,12.1,81.7,0.0,11.2,303.6701381,Clear
2024-01-02,11.2,82.2,81.30495306926682,11.2,311.7059851,Clear
2024-01-03,10.8,87.8,0.0,11.2,315.6345443,Clear
2024-01-04,10.1,92.7,0.0,13.0,320.306828,Partially cloudy
2024-01-05,12.0,92.9,0.0,11.2,302.174724,Partially cloudy
2024-01-06,12.1,84.9,0.0,11.2,304.1238211,Clear
2024-01-07,11.6,81.2,0.0,7.6,307.8596363,Partially cloudy
2024-01-08,10.9,88.1,0.0,7.6,314.646701,Clear
2024-01-09,10.9,90.8,0.0,13.0,313.7108866,Partially cloudy
2024-01-10,9.7,87.4,0.0,14.8,325.9666362,Clear
2024-01-11,10.6,83.4,0.0,11.2,317.3857825,Clear
2024-01-12,10.2,83.5,0.0,9.4,321.0354199,Partially cloudy
2024-01-13,10.9,86.7,0.0,7.6,314.869288,Partially cloudy
2024-01-14,10.8,85.6,0.0,9.4,315.8306955,Partially cloudy
2024-01-15,10.4,80.7,0.0,9.4,318.213764,Partially cloudy
2024-01-16,10.2,88.4,0.0,14.8,321.1104884,Partially cloudy
2024-01-17,10.8,82.6,0.0,10.1,315.3830886,Partially cloudy
2024-01-18,10.6,86.7,0.0,9.4,317.6307626,Partially cloudy
2024-01-19,10.0,89.6,0.0,11.2,322.6856529,Partially cloudy
2024-01-20,11.5,82.3,0.0,8.2,309.0839997,Partially cloudy
2024-01-21,9.3,90.1,0.0,14.2,329.2277525,Partially cloudy
2024-01-22,10.5,82.7,0.0,9.4,318.1043058,Partially cloudy
2024-01-23,11.9,84.9,0.0,11.2,305.9018742,Partially cloudy
2024-01-24,11.5,85.8,0.0,11.2,309.4716859,Partially cloudy
2024-01-25,10.9,87.1,0.0,9.4,314.8239949,Partially cloudy
2024-01-26,12.4,76.3,0.0,9.4,298.3377119,Partially cloudy
2024-01-27,14.0,68.3,0.0,15.2,277.4550969,Clear
2024-01-28,13.3,78.0,0.0,14.8,291.9938861,Partially cloudy
2024-01-29,95.0,84.1,0.0,11.2,286.7732681,Partially cloudy
2024-01-30,12.7,92.2,0.0,9.4,296.203715,Partially cloudy
2024-01-31,12.8,96.2,9.298,14.8,291.8312162,"Rain, Overcast"
2024-02-01,15.2,133.4078225823113,17.166,22.3,272.2323032,"Rain, Partially cloudy"
2024-02-02,12.9,94.1,0.0,14.8,292.9027674,Partially cloudy
2024-02-03,13.9,74.5,0.0,9.4,284.8113118,Partially cloudy
2024-02-04,16.1,87.1,1.0,13.0,269.272254,"Rain, Partially cloudy"
2024-02-05,16.1,83.7,0.0,13.0,270.1645926,Partially cloudy
2024-02-06,13.5,72.9,0.0,14.8,286.5542353,Partially cloudy
2024-02-07,13.5,67.7,0.0,18.4,280.3479199,Partially cloudy
2024-02-08,14.3,66.3,0.0,22.3,272.4558548,Clear
2024-02-09,15.0,118.13049169622501,0.0,11.9,252.3248595,Clear
2024-02-10,14.9,69.6,0.0,9.4,272.3866657,Clear
2024-02-11,15.2,73.7,0.0,9.4,274.0553443,Clear
2024-02-12,15.6,79.1,0.0,11.2,273.8027155,Partially cloudy
2024-02-13,15.9,118.16201554563877,0.0,11.9,271.7225032,Partially cloudy
2024-02-14,16.7,76.4,0.0,13.0,264.228576,Partially cloudy
2024-02-15,17.0,71.0,0.0,14.8,258.4390145,Clear
2024-02-16,17.3,63.4,0.0,13.0,247.4775935,Clear
2024-02-17,17.2,62.0,0.0,14.8,245.9916573,Clear
2024-02-18,19.2,59.7,0.0,13.0,229.7875063,Partially cloudy
2024-02-19,21.0,56.8,0.0,24.1,214.5610418,Partially cloudy
2024-02-20,21.0,72.4,2.0,14.8,231.4628654,"Rain, Partially cloudy"
2024-02-21,19.4,66.5,0.0,15.6,237.5633483,Partially cloudy
2024-02-22,19.1,50.1,0.0,14.8,211.3019019,Partially cloudy
2024-02-23,16.9,51.3,0.0,14.8,225.9684375,Clear
2024-02-24,95.0,50.2,0.0,7.6,220.4898655,Partially cloudy
2024-02-25,18.3,44.8,0.0,16.6,201.3859738,Partially cloudy
2024-02-26,18.8,42.8,0.0,9.4,193.2657627,Partially cloudy
2024-02-27,18.8,51.5,0.0,14.8,216.1340974,Partially cloudy
2024-02-28,18.0,63.5,0.0,18.4,243.0357508,Clear
2024-02-29,19.1,59.5,0.0,16.0,230.0689126,Clear
2024-03-01,21.6,56.6,0.0,20.5,210.9007921,Partially cloudy
2024-03-02,21.2,70.5,7.274,28.1,229.0663004,"Rain, Partially cloudy"
2024-03-03,19.4,62.3,0.448,16.6,232.4411702,"Rain, Partially cloudy"
2024-03-04,17.9,46.8,0.0,11.2,208.9342224,Clear
2024-03-05,16.7,49.7,0.0,18.4,222.9477658,Partially cloudy
2024-03-06,16.4,51.5,0.0,14.6,229.2453288,Partially cloudy
2024-03-07,18.7,51.2,0.0,16.6,215.9766134,Partially cloudy
2024-03-08,19.9,50.7,78.30977290809315,16.6,208.554657,Clear
2024-03-09,19.0,53.4,0.0,18.4,219.2302952,Clear
2024-03-10,19.8,52.3,0.0,13.0,212.570352,Partially cloudy
2024-03-11,23.2,47.4,0.0,13.0,185.3465304,Partially cloudy
2024-03-12,22.9,50.4,0.0,13.0,192.9667575,Clear
2024-03-13,22.3,54.9,0.0,18.4,204.2852527,Partially cloudy
2024-03-14,23.0,53.0,0.0,14.8,197.3606829,Partially cloudy
2024-03-15,21.4,45.6,0.0,20.5,189.2782161,Clear
2024-03-16,21.6,45.9,0.0,13.9,189.1143902,Partially cloudy
2024-03-17,21.9,49.0,0.0,13.0,194.8649262,Partially cloudy
2024-03-18,21.8,50.6,0.0,13.0,198.744753,Partially cloudy
2024-03-19,23.0,49.2,0.0,15.7,190.0696334,Clear
2024-03-20,24.3,49.4,75.19450526707898,13.0,184.4283029,Clear
2024-03-21,23.1,62.3,0.0,18.4,210.2090667,Partially cloudy
2024-03-22,25.3,58.9,0.0,16.6,194.1893916,Clear
2024-03-23,26.5,51.1,0.0,18.4,177.4074224,Clear
2024-03-24,24.6,54.6,0.085,18.4,191.9659003,"Rain, Partially cloudy"
2024-03-25,24.9,58.7,74.31522789780514,18.4,196.0613796,Clear
2024-03-26,26.4,119.58656834008707,0.0,16.6,177.2052156,Partially cloudy
2024-03-27,29.0,44.3,0.0,14.8,155.3497521,Partially cloudy
2024-03-28,29.7,40.9,0.0,14.8,146.3552252,Partially cloudy
2024-03-29,28.8,51.4,0.4,16.6,167.7077041,"Rain, Partially cloudy"
2024-03-30,29.5,46.1,0.3,14.8,156.6510216,"Rain, Partially cloudy"
2024-03-31,28.8,44.4,0.0,22.3,156.2774386,Clear
2024-04-01,-40.0,49.2,0.0,16.6,179.5181902,Partially cloudy
2024-04-02,26.2,36.0,0.0,18.4,146.2907534,Partially cloudy
2024-04-03,28.2,34.2,0.0,11.2,135.6845757,Partially cloudy
2024-04-04,29.7,31.3,0.0,14.8,124.3121439,Partially cloudy
2024-04-05,29.8,30.8,0.0,17.0,122.7731039,Partially cloudy
2024-04-06,28.6,29.2,0.0,16.6,121.1343133,Clear
2024-04-07,28.0,28.3,0.0,18.4,119.8273364,Clear
2024-04-08,28.9,28.9,92.50276342840934,17.3,119.6225977,Clear
2024-04-09,29.5,26.2,0.0,14.8,110.6262131,Partially cloudy
2024-04-10,29.6,28.5,0.0,12.7,117.0069794,Clear
2024-04-11,30.0,31.3,0.0,16.6,123.5984732,Partially cloudy
2024-04-12,30.9,31.3,0.0,9.4,121.4895068,Partially cloudy
2024-04-13,29.3,40.1,2.045,24.1,146.0492524,"Rain, Partially cloudy"
2024-04-14,26.4,57.8,0.896,16.6,187.2221912,"Rain, Partially cloudy"
2024-04-15,28.6,53.8,0.0,9.4,171.8074417,Partially cloudy
2024-04-16,29.9,38.9,0.0,20.5,141.6094776,Partially cloudy
2024-04-17,29.1,28.5,0.0,20.5,118.0592055,Partially cloudy
2024-04-18,31.0,25.9,0.0,20.5,107.088424,Partially cloudy
2024-04-19,32.5,32.0,0.0,14.8,119.4606068,Partially cloudy
2024-04-20,30.9,36.2,0.0,18.4,132.8671001,Clear
2024-04-21,31.0,33.7,0.0,20.5,126.988729,Partially cloudy
2024-04-22,31.0,31.8,0.0,18.4,122.4807937,Partially cloudy
2024-04-23,29.2,40.5,3.195,27.6,147.2110639,"Rain, Partially cloudy"
2024-04-24,29.6,41.4,0.0,18.4,147.6840534,Clear
2024-04-25,31.4,31.1,0.0,20.1,119.8535378,Partially cloudy
2024-04-26,31.8,33.9,3.0,16.6,125.4127102,"Rain, Partially cloudy"
2024-04-27,31.5,37.7,0.0,18.4,134.3036857,Partially cloudy
2024-04-28,31.2,31.6,0.0,11.2,121.5264588,Partially cloudy
2024-04-29,30.9,36.0,0.0,16.6,132.4312517,Partially cloudy
2024-04-30,29.7,30.2,91.72802320640804,18.4,121.418635,Clear
2024-05-01,28.2,20.8,0.0,18.4,95.44287009,Clear
2024-05-02,28.7,25.1,0.0,20.5,108.7418178,Clear
2024-05-03,30.3,24.7,0.0,18.4,104.8303802,Partially cloudy
2024-05-04,-40.0,23.9,0.0,14.8,98.88828353,Partially cloudy
2024-05-05,33.8,24.4,0.0,14.8,98.6266569,Clear
2024-05-06,34.1,27.8,0.0,20.5,106.5045303,Clear
2024-05-07,34.2,33.1,0.0,16.6,117.9336237,Partially cloudy
2024-05-08,32.2,50.2,0.0,20.5,152.2175257,Clear
2024-05-09,31.7,48.3,0.0,20.5,151.6602018,Clear
2024-05-10,32.6,49.0,0.0,27.7,149.1963519,Partially cloudy
2024-05-11,31.8,41.4,0.17,27.7,140.4240179,"Rain, Partially cloudy"
2024-05-12,33.0,41.2,0.0,13.0,136.29329,Partially cloudy
2024-05-13,34.0,34.5,0.0,16.6,121.2225388,Partially cloudy
2024-05-14,33.8,29.9,0.0,20.5,111.9122029,Clear
2024-05-15,34.2,25.0,0.0,16.6,99.56007042,Clear
2024-05-16,35.0,29.6,0.0,13.0,108.8980708,Clear
2024-05-17,36.9,26.0,0.0,16.6,97.90014245,Clear
2024-05-18,37.1,25.9,0.0,18.4,97.39311996,Clear
2024-05-19,38.1,23.2,0.0,18.4,90.23193322,Clear
2024-05-20,37.9,23.2,0.0,18.4,90.46010374,Partially cloudy
2024-05-21,35.8,40.2,0.0,18.4,126.4529393,Partially cloudy
2024-05-22,36.0,44.0,0.0,18.4,131.204477,Clear
2024-05-23,35.2,45.0,0.0,22.3,135.0131583,Clear
2024-05-24,35.4,43.7,0.0,22.3,132.6553466,Clear
2024-05-25,37.3,35.8,0.0,18.4,115.7084339,Clear
2024-05-26,37.9,26.9,0.0,16.6,98.30355941,Clear
2024-05-27,38.6,24.9,0.0,16.6,93.24316902,Clear
2024-05-28,38.6,23.7,0.0,16.6,90.73494384,Clear
2024-05-29,38.0,26.6,0.0,21.5,97.54634768,Partially cloudy
2024-05-30,39.1,22.9,0.0,19.2,88.48465857,Partially cloudy
2024-05-31,38.6,24.8,0.0,18.4,93.03688522,Clear
2024-06-01,36.5,27.3,0.0,18.4,101.3143185,Partially cloudy
2024-06-02,36.7,123.38910010226697,0.0,16.6,104.7232433,Partially cloudy
2024-06-03,37.2,29.1,0.0,15.3,103.8449203,Partially cloudy
2024-06-04,37.0,32.4,0.0,18.4,110.5019617,Partially cloudy
2024-06-05,37.8,28.2,0.0,27.7,101.0570959,Partially cloudy
2024-06-06,33.8,39.4,0.851,28.0,130.8321577,"Rain, Partially cloudy"
2024-06-07,-40.0,29.9,0.0,18.4,108.3895197,Partially cloudy
2024-06-08,35.8,29.4,0.0,18.4,106.969122,Partially cloudy
2024-06-09,36.0,25.3,0.0,18.4,97.64468029,Clear
2024-06-10,37.3,23.4,0.0,18.4,91.60817081,Partially cloudy
2024-06-11,37.2,23.9,0.0,16.6,92.85749772,Partially cloudy
2024-06-12,37.6,24.0,0.0,16.6,92.58386995,Clear
2024-06-13,38.8,23.3,0.0,18.4,89.65860999,Partially cloudy
2024-06-14,37.8,28.6,0.0,24.0,101.8407633,Partially cloudy
2024-06-15,38.3,27.8,0.0,27.7,99.47629743,Partially cloudy
2024-06-16,39.1,27.6,0.0,24.8,97.865556,Clear
2024-06-17,39.5,28.7,0.0,23.5,99.26729252,Clear
2024-06-18,39.5,31.1,0.0,25.2,103.4273101,Partially cloudy
2024-06-19,38.9,33.1,0.0,27.6,107.8653693,Partially cloudy
2024-06-20,33.7,45.9,0.0,18.4,141.1786112,Partially cloudy
2024-06-21,31.9,60.4,3.552,14.8,163.035203,"Rain, Partially cloudy"
2024-06-22,33.2,55.7,0.0,16.6,153.8742738,Partially cloudy
2024-06-23,33.5,59.2,1.556,18.4,155.1580097,"Rain, Partially cloudy"
2024-06-24,33.2,65.3,0.881,18.4,159.2836875,"Rain, Partially cloudy"
2024-06-25,95.0,63.3,0.0,11.2,155.8677146,Partially cloudy
2024-06-26,33.0,66.0,0.299,18.4,160.416791,"Rain, Partially cloudy"
2024-06-27,31.1,76.4,9.033,22.3,170.0636169,"Rain, Partially cloudy"
2024-06-28,28.9,86.7,203.047,18.4,177.0926247,"Rain, Partially cloudy"
2024-06-29,30.3,84.1,7.656,14.0,170.7579163,"Rain, Partially cloudy"
2024-06-30,32.6,118.07017803886697,0.0,14.8,162.1496455,Partially cloudy
